[
  {
    "customerName": "youssef darwish",
    "customerEmail": "qodratak@outlook.com",
    "customerPhone": "+966532441566",
    "serviceName": "موقع شخصي أساسي (x1)",
    "price": 299,
    "description": "1 خدمات - لا توجد تفاصيل إضافية",
    "paymentMethod": "whatsapp_order",
    "id": "04ee3fa7-3665-4e51-abc3-da5fcc0c434b",
    "orderNumber": "ORD-1756229856958",
    "status": "pending",
    "paymentStatus": "pending",
    "createdAt": "2025-08-26T17:37:36.958Z",
    "updatedAt": "2025-08-26T17:37:36.958Z"
  },
  {
    "customerName": "youssef darwish",
    "customerEmail": "qodratak@outlook.com",
    "customerPhone": "+966532441566",
    "serviceName": "تطبيق شخصي محترف (x1)",
    "price": 599,
    "description": "1 خدمات - لا توجد تفاصيل إضافية",
    "paymentMethod": "bank_transfer",
    "id": "abe0223a-944f-4651-b04e-981d9d0a1673",
    "orderNumber": "ORD-1756229944141",
    "status": "pending",
    "paymentStatus": "pending",
    "createdAt": "2025-08-26T17:39:04.141Z",
    "updatedAt": "2025-08-26T17:39:04.141Z"
  },
  {
    "id": "9c178a9c-df4c-4f7f-881a-fd0c40184075",
    "orderNumber": "ORD-1761218925865",
    "customerName": "قدراتك",
    "customerEmail": "qoudratak@gmail.com",
    "customerPhone": "+966532441566",
    "serviceId": "comp-5",
    "serviceName": "منصة تعليمية تفاعلية",
    "price": 2999,
    "description": "منصة تعليمية متكاملة - قدراتك",
    "paymentMethod": "bank_transfer",
    "status": "completed",
    "paymentStatus": "completed",
    "createdAt": "2025-10-23T11:28:45.865Z",
    "updatedAt": "2025-10-23T11:28:45.865Z"
  },
  {
    "customerName": "عميل",
    "customerEmail": "customer@example.com",
    "customerPhone": "+966XXXXXXXXX",
    "serviceName": "موقع شخصي أساسي",
    "price": 0,
    "description": "موقع شخصي أساسي - خصم 100%",
    "paymentMethod": "Free (Discount)",
    "id": "722a6c42-0f04-44c0-a188-49f074f4bde7",
    "orderNumber": "ORD-1761221613556",
    "serviceId": null,
    "status": "pending",
    "paymentStatus": "completed",
    "createdAt": "2025-10-23T12:13:33.556Z",
    "updatedAt": "2025-10-23T12:13:33.781Z"
  },
  {
    "customerName": "عميل",
    "customerEmail": "customer@example.com",
    "customerPhone": "+966XXXXXXXXX",
    "serviceName": "الخطة السنوية",
    "price": 399,
    "description": "الخطة السنوية ",
    "paymentMethod": "Pending Payment",
    "id": "fe9ebeac-6f90-4c20-8ce3-792064b553b6",
    "orderNumber": "ORD-1764499602628",
    "serviceId": null,
    "status": "pending",
    "paymentStatus": "pending",
    "createdAt": "2025-11-30T10:46:42.628Z",
    "updatedAt": "2025-11-30T10:46:42.628Z"
  },
  {
    "customerName": "عميل",
    "customerEmail": "customer@example.com",
    "customerPhone": "+966XXXXXXXXX",
    "serviceName": "الخطة السنوية",
    "price": 399,
    "description": "الخطة السنوية ",
    "paymentMethod": "Pending Payment",
    "id": "4917a0ca-8252-4ffb-8a84-061613f8cfcb",
    "orderNumber": "ORD-1764500592172",
    "serviceId": null,
    "status": "pending",
    "paymentStatus": "pending",
    "createdAt": "2025-11-30T11:03:12.172Z",
    "updatedAt": "2025-11-30T11:03:12.172Z"
  },
  {
    "customerName": "عميل",
    "customerEmail": "customer@example.com",
    "customerPhone": "+966XXXXXXXXX",
    "serviceName": "الخطة السنوية",
    "price": 399,
    "description": "الخطة السنوية ",
    "paymentMethod": "Pending Payment",
    "id": "729b6ad0-17a6-4b27-bcd1-a1179c01f4aa",
    "orderNumber": "ORD-1764501102336",
    "serviceId": null,
    "status": "pending",
    "paymentStatus": "pending",
    "createdAt": "2025-11-30T11:11:42.336Z",
    "updatedAt": "2025-11-30T11:11:42.336Z"
  },
  {
    "customerName": "عميل",
    "customerEmail": "customer@example.com",
    "customerPhone": "+966XXXXXXXXX",
    "serviceName": "الخطة السنوية",
    "price": 399,
    "description": "الخطة السنوية ",
    "paymentMethod": "Pending Payment",
    "id": "23990b94-5606-438c-a0c7-57cbfb95582b",
    "orderNumber": "ORD-1764502170678",
    "serviceId": null,
    "status": "pending",
    "paymentStatus": "pending",
    "createdAt": "2025-11-30T11:29:30.678Z",
    "updatedAt": "2025-11-30T11:29:30.678Z"
  }
]