[
  {
    "id": "733484f9-f749-42d1-bacf-a8fe484b0ad8",
    "clientId": "client-qodratak",
    "orderId": "9c178a9c-df4c-4f7f-881a-fd0c40184075",
    "projectName": "منصة قدراتك التعليمية",
    "websiteIdea": "منصة تعليمية تفاعلية متكاملة مع كورسات وامتحانات وشهادات",
    "status": "completed",
    "daysRemaining": 0,
    "targetDate": "2025-10-23T11:28:45.866Z",
    "domain": "www.qodratak.site",
    "email": "qoudratak@gmail.com",
    "toolsUsed": [
      "React",
      "TypeScript",
      "Node.js",
      "Express"
    ],
    "assignedEmployees": null,
    "createdAt": "2025-10-23T11:28:45.866Z",
    "updatedAt": "2025-10-23T11:28:45.866Z"
  }
]
